Indx,Track,Time_Signature,Key_signature,Instrument,Start,Duration,Pitch,Velocity,Octave,Tempo
1,1,"3,4",B-flat Major,Fluit,0,479,86,96,D6,833333
2,1,"3,4",B-flat Major,Fluit,480,719,86,96,D6,833333
3,1,"3,4",B-flat Major,Fluit,1200,239,86,96,D6,833333
4,1,"3,4",B-flat Major,Fluit,1440,479,85,96,C#6,833333
5,1,"3,4",B-flat Major,Fluit,1920,719,85,96,C#6,833333
6,1,"3,4",B-flat Major,Fluit,2640,239,85,96,C#6,833333
7,1,"3,4",B-flat Major,Fluit,2880,479,86,96,D6,833333
8,1,"3,4",B-flat Major,Fluit,3360,719,86,96,D6,833333
9,1,"3,4",B-flat Major,Fluit,4080,239,86,96,D6,833333
10,1,"3,4",B-flat Major,Fluit,4320,479,88,96,E6,833333
11,1,"3,4",B-flat Major,Fluit,4800,719,88,96,E6,833333
12,1,"3,4",B-flat Major,Fluit,5520,239,88,96,E6,833333
13,1,"3,4",B-flat Major,Fluit,5760,479,89,96,F6,833333
14,1,"3,4",B-flat Major,Fluit,6240,719,89,96,F6,833333
15,1,"3,4",B-flat Major,Fluit,6960,239,89,96,F6,833333
16,1,"3,4",B-flat Major,Fluit,7200,479,88,96,E6,833333
17,1,"3,4",B-flat Major,Fluit,7680,719,88,96,E6,833333
18,1,"3,4",B-flat Major,Fluit,8400,239,88,96,E6,833333
19,1,"3,4",B-flat Major,Fluit,8640,479,86,96,D6,833333
20,1,"3,4",B-flat Major,Fluit,9120,719,86,96,D6,833333
21,1,"3,4",B-flat Major,Fluit,9840,239,86,96,D6,833333
22,1,"3,4",B-flat Major,Fluit,10080,1439,85,96,C#6,833333
23,1,"3,4",B-flat Major,Fluit,11520,479,86,64,D6,625000
24,1,"3,4",B-flat Major,Fluit,12000,719,86,64,D6,625000
25,1,"3,4",B-flat Major,Fluit,12720,239,86,64,D6,625000
26,1,"3,4",B-flat Major,Fluit,12960,479,85,64,C#6,625000
27,1,"3,4",B-flat Major,Fluit,13440,719,85,64,C#6,625000
28,1,"3,4",B-flat Major,Fluit,14160,239,85,64,C#6,625000
29,1,"3,4",B-flat Major,Fluit,14400,479,86,64,D6,625000
30,1,"3,4",B-flat Major,Fluit,14880,719,86,64,D6,625000
31,1,"3,4",B-flat Major,Fluit,15600,239,86,64,D6,625000
32,1,"3,4",B-flat Major,Fluit,15840,479,88,64,E6,625000
33,1,"3,4",B-flat Major,Fluit,16320,719,88,64,E6,625000
34,1,"3,4",B-flat Major,Fluit,17040,239,88,64,E6,625000
35,1,"3,4",B-flat Major,Fluit,17280,479,89,64,F6,625000
36,1,"3,4",B-flat Major,Fluit,17760,719,89,64,F6,625000
37,1,"3,4",B-flat Major,Fluit,18480,239,89,64,F6,625000
38,1,"3,4",B-flat Major,Fluit,18720,479,88,64,E6,625000
39,1,"3,4",B-flat Major,Fluit,19200,239,88,64,E6,625000
40,1,"3,4",B-flat Major,Fluit,19440,239,89,64,F6,625000
41,1,"3,4",B-flat Major,Fluit,19680,479,91,64,G6,625000
42,1,"3,4",B-flat Major,Fluit,20160,239,89,64,F6,625000
43,1,"3,4",B-flat Major,Fluit,20400,119,88,64,E6,625000
44,1,"3,4",B-flat Major,Fluit,20520,119,86,64,D6,625000
45,1,"3,4",B-flat Major,Fluit,20640,719,85,64,C#6,625000
46,1,"3,4",B-flat Major,Fluit,21360,239,86,64,D6,625000
47,1,"3,4",B-flat Major,Fluit,21600,1439,86,64,D6,625000
48,1,"3,4",B-flat Major,Fluit,23040,479,89,80,F6,454545
49,1,"3,4",B-flat Major,Fluit,23520,359,89,80,F6,454545
50,1,"3,4",B-flat Major,Fluit,23880,119,91,80,G6,454545
51,1,"3,4",B-flat Major,Fluit,24000,359,93,80,A6,454545
52,1,"3,4",B-flat Major,Fluit,24360,119,89,80,F6,454545
53,1,"3,4",B-flat Major,Fluit,24480,479,88,80,E6,454545
54,1,"3,4",B-flat Major,Fluit,24960,719,88,80,E6,454545
55,1,"3,4",B-flat Major,Fluit,25680,239,88,80,E6,454545
56,1,"3,4",B-flat Major,Fluit,25920,479,89,80,F6,454545
57,1,"3,4",B-flat Major,Fluit,26400,359,89,80,F6,454545
58,1,"3,4",B-flat Major,Fluit,26760,119,91,80,G6,454545
59,1,"3,4",B-flat Major,Fluit,26880,359,93,80,A6,454545
60,1,"3,4",B-flat Major,Fluit,27240,119,89,80,F6,454545
61,1,"3,4",B-flat Major,Fluit,27360,479,91,80,G6,454545
62,1,"3,4",B-flat Major,Fluit,27840,719,91,80,G6,454545
63,1,"3,4",B-flat Major,Fluit,28560,239,91,80,G6,454545
64,1,"3,4",B-flat Major,Fluit,28800,479,93,80,A6,454545
65,1,"3,4",B-flat Major,Fluit,29280,359,93,80,A6,454545
66,1,"3,4",B-flat Major,Fluit,29640,119,94,80,A#6,454545
67,1,"3,4",B-flat Major,Fluit,29760,359,96,80,C7,454545
68,1,"3,4",B-flat Major,Fluit,30120,119,93,80,A6,454545
69,1,"3,4",B-flat Major,Fluit,30240,479,91,80,G6,454545
70,1,"3,4",B-flat Major,Fluit,30720,359,91,80,G6,454545
71,1,"3,4",B-flat Major,Fluit,31080,119,93,80,A6,454545
72,1,"3,4",B-flat Major,Fluit,31200,359,94,80,A#6,454545
73,1,"3,4",B-flat Major,Fluit,31560,119,91,80,G6,454545
74,1,"3,4",B-flat Major,Fluit,31680,479,89,80,F6,454545
75,1,"3,4",B-flat Major,Fluit,32160,359,89,80,F6,454545
76,1,"3,4",B-flat Major,Fluit,32520,119,91,80,G6,454545
77,1,"3,4",B-flat Major,Fluit,32640,359,93,80,A6,454545
78,1,"3,4",B-flat Major,Fluit,33000,119,89,80,F6,454545
79,1,"3,4",B-flat Major,Fluit,33120,1439,88,80,E6,454545
80,1,"3,4",B-flat Major,Fluit,34560,479,89,80,F6,454545
81,1,"3,4",B-flat Major,Fluit,35040,359,89,80,F6,454545
82,1,"3,4",B-flat Major,Fluit,35400,119,91,80,G6,454545
83,1,"3,4",B-flat Major,Fluit,35520,359,93,80,A6,454545
84,1,"3,4",B-flat Major,Fluit,35880,119,89,80,F6,454545
85,1,"3,4",B-flat Major,Fluit,36000,479,88,80,E6,454545
86,1,"3,4",B-flat Major,Fluit,36480,719,88,80,E6,454545
87,1,"3,4",B-flat Major,Fluit,37200,239,88,80,E6,454545
88,1,"3,4",B-flat Major,Fluit,37440,479,89,80,F6,454545
89,1,"3,4",B-flat Major,Fluit,37920,359,89,80,F6,454545
90,1,"3,4",B-flat Major,Fluit,38280,119,91,80,G6,454545
91,1,"3,4",B-flat Major,Fluit,38400,359,93,80,A6,454545
92,1,"3,4",B-flat Major,Fluit,38760,119,89,80,F6,454545
93,1,"3,4",B-flat Major,Fluit,38880,479,91,80,G6,454545
94,1,"3,4",B-flat Major,Fluit,39360,719,91,80,G6,454545
95,1,"3,4",B-flat Major,Fluit,40080,239,91,80,G6,454545
96,1,"3,4",B-flat Major,Fluit,40320,479,93,80,A6,454545
97,1,"3,4",B-flat Major,Fluit,40800,359,93,80,A6,454545
98,1,"3,4",B-flat Major,Fluit,41160,119,94,80,A#6,454545
99,1,"3,4",B-flat Major,Fluit,41280,359,96,80,C7,454545
100,1,"3,4",B-flat Major,Fluit,41640,119,93,80,A6,454545
101,1,"3,4",B-flat Major,Fluit,41760,359,91,80,G6,454545
102,1,"3,4",B-flat Major,Fluit,42120,119,93,80,A6,454545
103,1,"3,4",B-flat Major,Fluit,42240,719,94,80,A#6,454545
104,1,"3,4",B-flat Major,Fluit,42960,239,94,80,A#6,454545
105,1,"3,4",B-flat Major,Fluit,43200,239,93,80,A6,454545
106,1,"3,4",B-flat Major,Fluit,43440,119,91,80,G6,454545
107,1,"3,4",B-flat Major,Fluit,43560,119,89,80,F6,454545
108,1,"3,4",B-flat Major,Fluit,43680,719,88,80,E6,454545
109,1,"3,4",B-flat Major,Fluit,44400,239,86,80,D6,454545
110,1,"3,4",B-flat Major,Fluit,44640,1439,86,80,D6,454545
111,1,"3,4",B-flat Major,Fluit,46080,479,74,80,D5,454545
112,1,"3,4",B-flat Major,Fluit,46560,479,89,80,F6,454545
113,1,"3,4",B-flat Major,Fluit,47520,479,73,80,C#5,454545
114,1,"3,4",B-flat Major,Fluit,48000,479,88,80,E6,454545
115,1,"3,4",B-flat Major,Fluit,48960,479,77,80,F5,454545
116,1,"3,4",B-flat Major,Fluit,49440,479,89,80,F6,454545
117,1,"3,4",B-flat Major,Fluit,50400,479,76,80,E5,454545
118,1,"3,4",B-flat Major,Fluit,50880,479,91,80,G6,454545
119,1,"3,4",B-flat Major,Fluit,51840,479,81,80,A5,454545
120,1,"3,4",B-flat Major,Fluit,52320,479,93,80,A6,454545
121,1,"3,4",B-flat Major,Fluit,53280,479,76,80,E5,454545
122,1,"3,4",B-flat Major,Fluit,53760,479,91,80,G6,454545
123,1,"3,4",B-flat Major,Fluit,54720,479,77,80,F5,454545
124,1,"3,4",B-flat Major,Fluit,55200,479,93,80,A6,454545
125,1,"3,4",B-flat Major,Fluit,55680,479,94,80,A#6,454545
126,1,"3,4",B-flat Major,Fluit,56160,479,88,80,E6,454545
127,1,"3,4",B-flat Major,Fluit,56640,479,85,80,C#6,454545
128,1,"3,4",B-flat Major,Fluit,57120,479,73,80,C#5,454545
129,1,"3,4",B-flat Major,Fluit,58080,479,86,80,D6,454545
130,1,"3,4",B-flat Major,Fluit,58560,479,74,80,D5,454545
131,1,"3,4",B-flat Major,Fluit,59520,479,85,80,C#6,454545
132,1,"3,4",B-flat Major,Fluit,60000,479,73,80,C#5,454545
133,1,"3,4",B-flat Major,Fluit,60960,479,86,80,D6,454545
134,1,"3,4",B-flat Major,Fluit,61440,479,74,80,D5,454545
135,1,"3,4",B-flat Major,Fluit,62400,479,88,80,E6,454545
136,1,"3,4",B-flat Major,Fluit,62880,479,76,80,E5,454545
137,1,"3,4",B-flat Major,Fluit,63840,479,89,80,F6,454545
138,1,"3,4",B-flat Major,Fluit,64320,479,77,80,F5,454545
139,1,"3,4",B-flat Major,Fluit,65280,479,91,80,G6,454545
140,1,"3,4",B-flat Major,Fluit,65760,479,91,80,G6,454545
141,1,"3,4",B-flat Major,Fluit,66240,479,94,80,A#6,454545
142,1,"3,4",B-flat Major,Fluit,66720,719,88,80,E6,454545
143,1,"3,4",B-flat Major,Fluit,67440,239,86,80,D6,454545
144,1,"3,4",B-flat Major,Fluit,67680,1439,86,80,D6,454545
145,1,"3,4",B-flat Major,Fluit,69840,239,77,80,F5,454545
146,1,"3,4",B-flat Major,Fluit,70080,239,81,80,A5,454545
147,1,"3,4",B-flat Major,Fluit,70320,239,86,80,D6,454545
148,1,"3,4",B-flat Major,Fluit,70560,479,85,80,C#6,454545
149,1,"3,4",B-flat Major,Fluit,71280,239,76,80,E5,454545
150,1,"3,4",B-flat Major,Fluit,71520,239,81,80,A5,454545
151,1,"3,4",B-flat Major,Fluit,71760,239,85,80,C#6,454545
152,1,"3,4",B-flat Major,Fluit,72000,479,86,80,D6,454545
153,1,"3,4",B-flat Major,Fluit,72720,239,77,80,F5,454545
154,1,"3,4",B-flat Major,Fluit,72960,239,81,80,A5,454545
155,1,"3,4",B-flat Major,Fluit,73200,239,86,80,D6,454545
156,1,"3,4",B-flat Major,Fluit,73440,479,88,80,E6,454545
157,1,"3,4",B-flat Major,Fluit,74160,239,84,80,C6,454545
158,1,"3,4",B-flat Major,Fluit,74400,239,88,80,E6,454545
159,1,"3,4",B-flat Major,Fluit,74640,239,91,80,G6,454545
160,1,"3,4",B-flat Major,Fluit,74880,479,89,80,F6,454545
161,1,"3,4",B-flat Major,Fluit,75600,239,81,80,A5,454545
162,1,"3,4",B-flat Major,Fluit,75840,239,84,80,C6,454545
163,1,"3,4",B-flat Major,Fluit,76080,239,89,80,F6,454545
164,1,"3,4",B-flat Major,Fluit,76320,479,88,80,E6,454545
165,1,"3,4",B-flat Major,Fluit,77040,239,85,80,C#6,454545
166,1,"3,4",B-flat Major,Fluit,77280,239,88,80,E6,454545
167,1,"3,4",B-flat Major,Fluit,77520,239,93,80,A6,454545
168,1,"3,4",B-flat Major,Fluit,77760,479,89,80,F6,454545
169,1,"3,4",B-flat Major,Fluit,78480,239,86,80,D6,454545
170,1,"3,4",B-flat Major,Fluit,78720,239,89,80,F6,454545
171,1,"3,4",B-flat Major,Fluit,78960,239,86,80,D6,454545
172,1,"3,4",B-flat Major,Fluit,79200,479,85,80,C#6,454545
173,1,"3,4",B-flat Major,Fluit,79920,239,88,80,E6,454545
174,1,"3,4",B-flat Major,Fluit,80160,479,81,80,A5,454545
175,1,"3,4",B-flat Major,Fluit,80880,239,81,80,A5,454545
176,1,"3,4",B-flat Major,Fluit,81120,239,77,80,F5,454545
177,1,"3,4",B-flat Major,Fluit,81360,239,74,80,D5,454545
178,1,"3,4",B-flat Major,Fluit,81600,479,89,80,F6,454545
179,1,"3,4",B-flat Major,Fluit,82320,239,81,80,A5,454545
180,1,"3,4",B-flat Major,Fluit,82560,239,76,80,E5,454545
181,1,"3,4",B-flat Major,Fluit,82800,239,73,80,C#5,454545
182,1,"3,4",B-flat Major,Fluit,83040,479,88,80,E6,454545
183,1,"3,4",B-flat Major,Fluit,83760,239,81,80,A5,454545
184,1,"3,4",B-flat Major,Fluit,84000,239,77,80,F5,454545
185,1,"3,4",B-flat Major,Fluit,84240,239,74,80,D5,454545
186,1,"3,4",B-flat Major,Fluit,84480,479,89,80,F6,454545
187,1,"3,4",B-flat Major,Fluit,85200,239,84,80,C6,454545
188,1,"3,4",B-flat Major,Fluit,85440,239,79,80,G5,454545
189,1,"3,4",B-flat Major,Fluit,85680,239,76,80,E5,454545
190,1,"3,4",B-flat Major,Fluit,85920,479,91,80,G6,454545
191,1,"3,4",B-flat Major,Fluit,86640,239,84,80,C6,454545
192,1,"3,4",B-flat Major,Fluit,86880,239,81,80,A5,454545
193,1,"3,4",B-flat Major,Fluit,87120,239,77,80,F5,454545
194,1,"3,4",B-flat Major,Fluit,87360,479,93,80,A6,454545
195,1,"3,4",B-flat Major,Fluit,87840,479,91,80,G6,454545
196,1,"3,4",B-flat Major,Fluit,88320,479,89,80,F6,454545
197,1,"3,4",B-flat Major,Fluit,88800,479,88,80,E6,454545
198,1,"3,4",B-flat Major,Fluit,89280,239,89,80,F6,454545
199,1,"3,4",B-flat Major,Fluit,89520,239,91,80,G6,454545
200,1,"3,4",B-flat Major,Fluit,89760,719,88,80,E6,454545
201,1,"3,4",B-flat Major,Fluit,90480,239,86,80,D6,454545
202,1,"3,4",B-flat Major,Fluit,90720,1439,86,80,D6,454545
203,1,"3,4",B-flat Major,Fluit,93720,119,93,80,A6,454545
204,1,"3,4",B-flat Major,Fluit,93840,119,91,80,G6,454545
205,1,"3,4",B-flat Major,Fluit,93960,119,89,80,F6,454545
206,1,"3,4",B-flat Major,Fluit,94080,119,88,80,E6,454545
207,1,"3,4",B-flat Major,Fluit,94200,119,86,80,D6,454545
208,1,"3,4",B-flat Major,Fluit,94320,119,85,80,C#6,454545
209,1,"3,4",B-flat Major,Fluit,94440,119,83,80,B5,454545
210,1,"3,4",B-flat Major,Fluit,94560,239,81,80,A5,454545
211,1,"3,4",B-flat Major,Fluit,94800,239,93,80,A6,454545
212,1,"3,4",B-flat Major,Fluit,95040,479,89,80,F6,454545
213,1,"3,4",B-flat Major,Fluit,96600,119,96,80,C7,454545
214,1,"3,4",B-flat Major,Fluit,96720,119,94,80,A#6,454545
215,1,"3,4",B-flat Major,Fluit,96840,119,93,80,A6,454545
216,1,"3,4",B-flat Major,Fluit,96960,119,91,80,G6,454545
217,1,"3,4",B-flat Major,Fluit,97080,119,89,80,F6,454545
218,1,"3,4",B-flat Major,Fluit,97200,119,88,80,E6,454545
219,1,"3,4",B-flat Major,Fluit,97320,119,86,80,D6,454545
220,1,"3,4",B-flat Major,Fluit,97440,239,84,80,C6,454545
221,1,"3,4",B-flat Major,Fluit,97680,239,96,80,C7,454545
222,1,"3,4",B-flat Major,Fluit,97920,479,93,80,A6,454545
223,1,"3,4",B-flat Major,Fluit,99480,119,93,80,A6,454545
224,1,"3,4",B-flat Major,Fluit,99600,119,91,80,G6,454545
225,1,"3,4",B-flat Major,Fluit,99720,119,89,80,F6,454545
226,1,"3,4",B-flat Major,Fluit,99840,119,88,80,E6,454545
227,1,"3,4",B-flat Major,Fluit,99960,119,86,80,D6,454545
228,1,"3,4",B-flat Major,Fluit,100080,119,85,80,C#6,454545
229,1,"3,4",B-flat Major,Fluit,100200,119,83,80,B5,454545
230,1,"3,4",B-flat Major,Fluit,100320,239,81,80,A5,454545
231,1,"3,4",B-flat Major,Fluit,100560,239,93,80,A6,454545
232,1,"3,4",B-flat Major,Fluit,100800,479,89,80,F6,454545
233,1,"3,4",B-flat Major,Fluit,102240,479,88,80,E6,454545
234,1,"3,4",B-flat Major,Fluit,102720,719,91,80,G6,454545
235,1,"3,4",B-flat Major,Fluit,103440,239,91,80,G6,454545
236,1,"3,4",B-flat Major,Fluit,103680,479,89,80,F6,454545
237,1,"3,4",B-flat Major,Fluit,105240,119,93,80,A6,454545
238,1,"3,4",B-flat Major,Fluit,105360,119,91,80,G6,454545
239,1,"3,4",B-flat Major,Fluit,105480,119,89,80,F6,454545
240,1,"3,4",B-flat Major,Fluit,105600,119,88,80,E6,454545
241,1,"3,4",B-flat Major,Fluit,105720,119,86,80,D6,454545
242,1,"3,4",B-flat Major,Fluit,105840,119,85,80,C#6,454545
243,1,"3,4",B-flat Major,Fluit,105960,119,83,80,B5,454545
244,1,"3,4",B-flat Major,Fluit,106080,239,81,80,A5,454545
245,1,"3,4",B-flat Major,Fluit,106320,239,93,80,A6,454545
246,1,"3,4",B-flat Major,Fluit,106560,479,89,80,F6,454545
247,1,"3,4",B-flat Major,Fluit,108120,119,96,80,C7,454545
248,1,"3,4",B-flat Major,Fluit,108240,119,94,80,A#6,454545
249,1,"3,4",B-flat Major,Fluit,108360,119,93,80,A6,454545
250,1,"3,4",B-flat Major,Fluit,108480,119,91,80,G6,454545
251,1,"3,4",B-flat Major,Fluit,108600,119,89,80,F6,454545
252,1,"3,4",B-flat Major,Fluit,108720,119,88,80,E6,454545
253,1,"3,4",B-flat Major,Fluit,108840,119,86,80,D6,454545
254,1,"3,4",B-flat Major,Fluit,108960,239,84,80,C6,454545
255,1,"3,4",B-flat Major,Fluit,109200,239,96,80,C7,454545
256,1,"3,4",B-flat Major,Fluit,109440,479,93,80,A6,454545
257,1,"3,4",B-flat Major,Fluit,111000,119,93,80,A6,454545
258,1,"3,4",B-flat Major,Fluit,111120,119,91,80,G6,454545
259,1,"3,4",B-flat Major,Fluit,111240,119,89,80,F6,454545
260,1,"3,4",B-flat Major,Fluit,111360,119,88,80,E6,454545
261,1,"3,4",B-flat Major,Fluit,111480,119,86,80,D6,454545
262,1,"3,4",B-flat Major,Fluit,111600,119,85,80,C#6,454545
263,1,"3,4",B-flat Major,Fluit,111720,119,83,80,B5,454545
264,1,"3,4",B-flat Major,Fluit,111840,239,81,80,A5,454545
265,1,"3,4",B-flat Major,Fluit,112080,239,91,80,G6,454545
266,1,"3,4",B-flat Major,Fluit,112320,239,89,80,F6,454545
267,1,"3,4",B-flat Major,Fluit,112560,119,88,80,E6,454545
268,1,"3,4",B-flat Major,Fluit,112680,119,86,80,D6,454545
269,1,"3,4",B-flat Major,Fluit,112800,719,85,80,C#6,454545
270,1,"3,4",B-flat Major,Fluit,113520,239,86,80,D6,454545
271,1,"3,4",B-flat Major,Fluit,113760,1439,86,80,D6,454545
272,1,"3,4",B-flat Major,Fluit,116640,239,93,80,A6,454545
273,1,"3,4",B-flat Major,Fluit,116880,239,88,80,E6,454545
274,1,"3,4",B-flat Major,Fluit,117120,239,85,80,C#6,454545
275,1,"3,4",B-flat Major,Fluit,117360,239,81,80,A5,454545
276,1,"3,4",B-flat Major,Fluit,117600,239,88,80,E6,454545
277,1,"3,4",B-flat Major,Fluit,117840,239,91,80,G6,454545
278,1,"3,4",B-flat Major,Fluit,118080,479,89,80,F6,454545
279,1,"3,4",B-flat Major,Fluit,118560,719,89,80,F6,454545
280,1,"3,4",B-flat Major,Fluit,119280,239,89,80,F6,454545
281,1,"3,4",B-flat Major,Fluit,119520,239,91,80,G6,454545
282,1,"3,4",B-flat Major,Fluit,119760,239,88,80,E6,454545
283,1,"3,4",B-flat Major,Fluit,120000,239,84,80,C6,454545
284,1,"3,4",B-flat Major,Fluit,120240,239,88,80,E6,454545
285,1,"3,4",B-flat Major,Fluit,120480,239,91,80,G6,454545
286,1,"3,4",B-flat Major,Fluit,120720,239,94,80,A#6,454545
287,1,"3,4",B-flat Major,Fluit,120960,719,93,80,A6,454545
288,1,"3,4",B-flat Major,Fluit,121680,239,93,80,A6,454545
289,1,"3,4",B-flat Major,Fluit,121920,239,84,80,C6,454545
290,1,"3,4",B-flat Major,Fluit,122160,239,93,80,A6,454545
291,1,"3,4",B-flat Major,Fluit,122400,719,91,80,G6,454545
292,1,"3,4",B-flat Major,Fluit,123120,239,91,80,G6,454545
293,1,"3,4",B-flat Major,Fluit,123360,239,85,80,C#6,454545
294,1,"3,4",B-flat Major,Fluit,123600,239,91,80,G6,454545
295,1,"3,4",B-flat Major,Fluit,123840,239,89,80,F6,454545
296,1,"3,4",B-flat Major,Fluit,124080,239,86,80,D6,454545
297,1,"3,4",B-flat Major,Fluit,124320,719,93,80,A6,454545
298,1,"3,4",B-flat Major,Fluit,125040,239,94,80,A#6,454545
299,1,"3,4",B-flat Major,Fluit,125280,239,85,80,C#6,454545
300,1,"3,4",B-flat Major,Fluit,125520,239,93,80,A6,454545
301,1,"3,4",B-flat Major,Fluit,125760,239,93,80,A6,454545
302,1,"3,4",B-flat Major,Fluit,126000,239,91,80,G6,454545
303,1,"3,4",B-flat Major,Fluit,126240,239,91,80,G6,454545
304,1,"3,4",B-flat Major,Fluit,126480,239,89,80,F6,454545
305,1,"3,4",B-flat Major,Fluit,126720,479,89,80,F6,454545
306,1,"3,4",B-flat Major,Fluit,128160,239,93,80,A6,454545
307,1,"3,4",B-flat Major,Fluit,128400,239,88,80,E6,454545
308,1,"3,4",B-flat Major,Fluit,128640,239,85,80,C#6,454545
309,1,"3,4",B-flat Major,Fluit,128880,239,81,80,A5,454545
310,1,"3,4",B-flat Major,Fluit,129120,239,88,80,E6,454545
311,1,"3,4",B-flat Major,Fluit,129360,239,91,80,G6,454545
312,1,"3,4",B-flat Major,Fluit,129600,479,89,80,F6,454545
313,1,"3,4",B-flat Major,Fluit,130080,719,89,80,F6,454545
314,1,"3,4",B-flat Major,Fluit,130800,239,89,80,F6,454545
315,1,"3,4",B-flat Major,Fluit,131040,239,91,80,G6,454545
316,1,"3,4",B-flat Major,Fluit,131280,239,88,80,E6,454545
317,1,"3,4",B-flat Major,Fluit,131520,239,84,80,C6,454545
318,1,"3,4",B-flat Major,Fluit,131760,239,88,80,E6,454545
319,1,"3,4",B-flat Major,Fluit,132000,239,91,80,G6,454545
320,1,"3,4",B-flat Major,Fluit,132240,239,94,80,A#6,454545
321,1,"3,4",B-flat Major,Fluit,132480,719,93,80,A6,454545
322,1,"3,4",B-flat Major,Fluit,133200,239,93,80,A6,454545
323,1,"3,4",B-flat Major,Fluit,133440,239,84,80,C6,454545
324,1,"3,4",B-flat Major,Fluit,133680,239,93,80,A6,454545
325,1,"3,4",B-flat Major,Fluit,133920,719,91,80,G6,454545
326,1,"3,4",B-flat Major,Fluit,134640,239,91,80,G6,454545
327,1,"3,4",B-flat Major,Fluit,134880,239,85,80,C#6,454545
328,1,"3,4",B-flat Major,Fluit,135120,239,91,80,G6,454545
329,1,"3,4",B-flat Major,Fluit,135360,239,89,80,F6,454545
330,1,"3,4",B-flat Major,Fluit,135600,239,85,80,C#6,454545
331,1,"3,4",B-flat Major,Fluit,135840,239,86,80,D6,454545
332,1,"3,4",B-flat Major,Fluit,136080,239,77,80,F5,454545
333,1,"3,4",B-flat Major,Fluit,136320,239,69,80,A4,454545
334,1,"3,4",B-flat Major,Fluit,136560,239,85,80,C#6,454545
335,1,"3,4",B-flat Major,Fluit,136800,1439,86,80,D6,454545
1,2,"3,4",B-flat Major,Fluit,0,479,77,96,F5,833333
2,2,"3,4",B-flat Major,Fluit,480,719,77,96,F5,833333
3,2,"3,4",B-flat Major,Fluit,1200,239,77,96,F5,833333
4,2,"3,4",B-flat Major,Fluit,1440,479,76,96,E5,833333
5,2,"3,4",B-flat Major,Fluit,1920,719,76,96,E5,833333
6,2,"3,4",B-flat Major,Fluit,2640,239,76,96,E5,833333
7,2,"3,4",B-flat Major,Fluit,2880,479,77,96,F5,833333
8,2,"3,4",B-flat Major,Fluit,3360,719,77,96,F5,833333
9,2,"3,4",B-flat Major,Fluit,4080,239,77,96,F5,833333
10,2,"3,4",B-flat Major,Fluit,4320,479,79,96,G5,833333
11,2,"3,4",B-flat Major,Fluit,4800,719,79,96,G5,833333
12,2,"3,4",B-flat Major,Fluit,5520,239,79,96,G5,833333
13,2,"3,4",B-flat Major,Fluit,5760,479,81,96,A5,833333
14,2,"3,4",B-flat Major,Fluit,6240,719,81,96,A5,833333
15,2,"3,4",B-flat Major,Fluit,6960,239,81,96,A5,833333
16,2,"3,4",B-flat Major,Fluit,7200,479,79,96,G5,833333
17,2,"3,4",B-flat Major,Fluit,7680,719,79,96,G5,833333
18,2,"3,4",B-flat Major,Fluit,8400,239,79,96,G5,833333
19,2,"3,4",B-flat Major,Fluit,8640,479,77,96,F5,833333
20,2,"3,4",B-flat Major,Fluit,9120,719,77,96,F5,833333
21,2,"3,4",B-flat Major,Fluit,9840,239,77,96,F5,833333
22,2,"3,4",B-flat Major,Fluit,10080,1439,76,96,E5,833333
23,2,"3,4",B-flat Major,Fluit,11520,479,77,64,F5,833333
24,2,"3,4",B-flat Major,Fluit,12000,719,77,64,F5,833333
25,2,"3,4",B-flat Major,Fluit,12720,239,77,64,F5,833333
26,2,"3,4",B-flat Major,Fluit,12960,479,76,64,E5,833333
27,2,"3,4",B-flat Major,Fluit,13440,719,76,64,E5,833333
28,2,"3,4",B-flat Major,Fluit,14160,239,76,64,E5,833333
29,2,"3,4",B-flat Major,Fluit,14400,479,77,64,F5,833333
30,2,"3,4",B-flat Major,Fluit,14880,719,77,64,F5,833333
31,2,"3,4",B-flat Major,Fluit,15600,239,77,64,F5,833333
32,2,"3,4",B-flat Major,Fluit,15840,479,79,64,G5,833333
33,2,"3,4",B-flat Major,Fluit,16320,719,79,64,G5,833333
34,2,"3,4",B-flat Major,Fluit,17040,239,79,64,G5,833333
35,2,"3,4",B-flat Major,Fluit,17280,479,81,64,A5,833333
36,2,"3,4",B-flat Major,Fluit,17760,719,81,64,A5,833333
37,2,"3,4",B-flat Major,Fluit,18480,239,81,64,A5,833333
38,2,"3,4",B-flat Major,Fluit,18720,479,79,64,G5,833333
39,2,"3,4",B-flat Major,Fluit,19200,239,79,64,G5,833333
40,2,"3,4",B-flat Major,Fluit,19440,239,81,64,A5,833333
41,2,"3,4",B-flat Major,Fluit,19680,479,82,64,A#5,833333
42,2,"3,4",B-flat Major,Fluit,20160,239,81,64,A5,833333
43,2,"3,4",B-flat Major,Fluit,20400,119,79,64,G5,833333
44,2,"3,4",B-flat Major,Fluit,20520,119,77,64,F5,833333
45,2,"3,4",B-flat Major,Fluit,20640,719,76,64,E5,833333
46,2,"3,4",B-flat Major,Fluit,21360,239,74,64,D5,833333
47,2,"3,4",B-flat Major,Fluit,21600,1439,74,64,D5,833333
48,2,"3,4",B-flat Major,Fluit,23040,479,86,80,D6,833333
49,2,"3,4",B-flat Major,Fluit,23520,359,86,80,D6,833333
50,2,"3,4",B-flat Major,Fluit,23880,119,88,80,E6,833333
51,2,"3,4",B-flat Major,Fluit,24000,359,89,80,F6,833333
52,2,"3,4",B-flat Major,Fluit,24360,119,86,80,D6,833333
53,2,"3,4",B-flat Major,Fluit,24480,479,85,80,C#6,833333
54,2,"3,4",B-flat Major,Fluit,24960,719,85,80,C#6,833333
55,2,"3,4",B-flat Major,Fluit,25680,239,85,80,C#6,833333
56,2,"3,4",B-flat Major,Fluit,25920,479,86,80,D6,833333
57,2,"3,4",B-flat Major,Fluit,26400,359,86,80,D6,833333
58,2,"3,4",B-flat Major,Fluit,26760,119,88,80,E6,833333
59,2,"3,4",B-flat Major,Fluit,26880,359,89,80,F6,833333
60,2,"3,4",B-flat Major,Fluit,27240,119,86,80,D6,833333
61,2,"3,4",B-flat Major,Fluit,27360,479,88,80,E6,833333
62,2,"3,4",B-flat Major,Fluit,27840,719,88,80,E6,833333
63,2,"3,4",B-flat Major,Fluit,28560,239,88,80,E6,833333
64,2,"3,4",B-flat Major,Fluit,28800,479,89,80,F6,833333
65,2,"3,4",B-flat Major,Fluit,29280,359,89,80,F6,833333
66,2,"3,4",B-flat Major,Fluit,29640,119,91,80,G6,833333
67,2,"3,4",B-flat Major,Fluit,29760,359,93,80,A6,833333
68,2,"3,4",B-flat Major,Fluit,30120,119,89,80,F6,833333
69,2,"3,4",B-flat Major,Fluit,30240,479,88,80,E6,833333
70,2,"3,4",B-flat Major,Fluit,30720,359,88,80,E6,833333
71,2,"3,4",B-flat Major,Fluit,31080,119,89,80,F6,833333
72,2,"3,4",B-flat Major,Fluit,31200,359,91,80,G6,833333
73,2,"3,4",B-flat Major,Fluit,31560,119,88,80,E6,833333
74,2,"3,4",B-flat Major,Fluit,31680,479,86,80,D6,833333
75,2,"3,4",B-flat Major,Fluit,32160,359,86,80,D6,833333
76,2,"3,4",B-flat Major,Fluit,32520,119,88,80,E6,833333
77,2,"3,4",B-flat Major,Fluit,32640,359,89,80,F6,833333
78,2,"3,4",B-flat Major,Fluit,33000,119,86,80,D6,833333
79,2,"3,4",B-flat Major,Fluit,33120,1439,85,80,C#6,833333
80,2,"3,4",B-flat Major,Fluit,34560,479,86,80,D6,833333
81,2,"3,4",B-flat Major,Fluit,35040,359,86,80,D6,833333
82,2,"3,4",B-flat Major,Fluit,35400,119,88,80,E6,833333
83,2,"3,4",B-flat Major,Fluit,35520,359,89,80,F6,833333
84,2,"3,4",B-flat Major,Fluit,35880,119,86,80,D6,833333
85,2,"3,4",B-flat Major,Fluit,36000,479,85,80,C#6,833333
86,2,"3,4",B-flat Major,Fluit,36480,719,85,80,C#6,833333
87,2,"3,4",B-flat Major,Fluit,37200,239,85,80,C#6,833333
88,2,"3,4",B-flat Major,Fluit,37440,479,86,80,D6,833333
89,2,"3,4",B-flat Major,Fluit,37920,359,86,80,D6,833333
90,2,"3,4",B-flat Major,Fluit,38280,119,88,80,E6,833333
91,2,"3,4",B-flat Major,Fluit,38400,359,89,80,F6,833333
92,2,"3,4",B-flat Major,Fluit,38760,119,86,80,D6,833333
93,2,"3,4",B-flat Major,Fluit,38880,479,88,80,E6,833333
94,2,"3,4",B-flat Major,Fluit,39360,719,88,80,E6,833333
95,2,"3,4",B-flat Major,Fluit,40080,239,88,80,E6,833333
96,2,"3,4",B-flat Major,Fluit,40320,479,89,80,F6,833333
97,2,"3,4",B-flat Major,Fluit,40800,359,89,80,F6,833333
98,2,"3,4",B-flat Major,Fluit,41160,119,91,80,G6,833333
99,2,"3,4",B-flat Major,Fluit,41280,359,93,80,A6,833333
100,2,"3,4",B-flat Major,Fluit,41640,119,89,80,F6,833333
101,2,"3,4",B-flat Major,Fluit,41760,479,88,80,E6,833333
102,2,"3,4",B-flat Major,Fluit,42240,359,88,80,E6,833333
103,2,"3,4",B-flat Major,Fluit,42600,119,89,80,F6,833333
104,2,"3,4",B-flat Major,Fluit,42720,359,91,80,G6,833333
105,2,"3,4",B-flat Major,Fluit,43080,119,88,80,E6,833333
106,2,"3,4",B-flat Major,Fluit,43200,239,89,80,F6,833333
107,2,"3,4",B-flat Major,Fluit,43440,119,88,80,E6,833333
108,2,"3,4",B-flat Major,Fluit,43560,119,86,80,D6,833333
109,2,"3,4",B-flat Major,Fluit,43680,719,85,80,C#6,833333
110,2,"3,4",B-flat Major,Fluit,44400,239,86,80,D6,833333
111,2,"3,4",B-flat Major,Fluit,44640,1439,86,80,D6,833333
112,2,"3,4",B-flat Major,Fluit,46560,479,86,80,D6,833333
113,2,"3,4",B-flat Major,Fluit,47040,479,74,80,D5,833333
114,2,"3,4",B-flat Major,Fluit,48000,479,85,80,C#6,833333
115,2,"3,4",B-flat Major,Fluit,48480,479,73,80,C#5,833333
116,2,"3,4",B-flat Major,Fluit,49440,479,86,80,D6,833333
117,2,"3,4",B-flat Major,Fluit,49920,479,74,80,D5,833333
118,2,"3,4",B-flat Major,Fluit,50880,479,88,80,E6,833333
119,2,"3,4",B-flat Major,Fluit,51360,479,76,80,E5,833333
120,2,"3,4",B-flat Major,Fluit,52320,479,89,80,F6,833333
121,2,"3,4",B-flat Major,Fluit,52800,479,77,80,F5,833333
122,2,"3,4",B-flat Major,Fluit,53760,479,88,80,E6,833333
123,2,"3,4",B-flat Major,Fluit,54240,479,76,80,E5,833333
124,2,"3,4",B-flat Major,Fluit,55200,479,86,80,D6,833333
125,2,"3,4",B-flat Major,Fluit,55680,479,74,80,D5,833333
126,2,"3,4",B-flat Major,Fluit,56160,479,72,80,C5,833333
127,2,"3,4",B-flat Major,Fluit,56640,479,88,80,E6,833333
128,2,"3,4",B-flat Major,Fluit,57600,479,74,80,D5,833333
129,2,"3,4",B-flat Major,Fluit,58080,479,89,80,F6,833333
130,2,"3,4",B-flat Major,Fluit,59040,479,73,80,C#5,833333
131,2,"3,4",B-flat Major,Fluit,59520,479,88,80,E6,833333
132,2,"3,4",B-flat Major,Fluit,60480,479,77,80,F5,833333
133,2,"3,4",B-flat Major,Fluit,60960,479,89,80,F6,833333
134,2,"3,4",B-flat Major,Fluit,61920,479,76,80,E5,833333
135,2,"3,4",B-flat Major,Fluit,62400,479,91,80,G6,833333
136,2,"3,4",B-flat Major,Fluit,63360,479,77,80,F5,833333
137,2,"3,4",B-flat Major,Fluit,63840,479,93,80,A6,833333
138,2,"3,4",B-flat Major,Fluit,64800,479,76,80,E5,833333
139,2,"3,4",B-flat Major,Fluit,65280,479,88,80,E6,833333
140,2,"3,4",B-flat Major,Fluit,65760,479,81,80,A5,833333
141,2,"3,4",B-flat Major,Fluit,66240,239,89,80,F6,833333
142,2,"3,4",B-flat Major,Fluit,66480,239,86,80,D6,833333
143,2,"3,4",B-flat Major,Fluit,66720,719,85,80,C#6,833333
144,2,"3,4",B-flat Major,Fluit,67440,239,86,80,D6,833333
145,2,"3,4",B-flat Major,Fluit,67680,1439,86,80,D6,833333
146,2,"3,4",B-flat Major,Fluit,69360,239,81,80,A5,833333
147,2,"3,4",B-flat Major,Fluit,69600,239,77,80,F5,833333
148,2,"3,4",B-flat Major,Fluit,69840,239,74,80,D5,833333
149,2,"3,4",B-flat Major,Fluit,70080,479,89,80,F6,833333
150,2,"3,4",B-flat Major,Fluit,70800,239,81,80,A5,833333
151,2,"3,4",B-flat Major,Fluit,71040,239,76,80,E5,833333
152,2,"3,4",B-flat Major,Fluit,71280,239,73,80,C#5,833333
153,2,"3,4",B-flat Major,Fluit,71520,479,88,80,E6,833333
154,2,"3,4",B-flat Major,Fluit,72240,239,81,80,A5,833333
155,2,"3,4",B-flat Major,Fluit,72480,239,77,80,F5,833333
156,2,"3,4",B-flat Major,Fluit,72720,239,74,80,D5,833333
157,2,"3,4",B-flat Major,Fluit,72960,479,89,80,F6,833333
158,2,"3,4",B-flat Major,Fluit,73680,239,84,80,C6,833333
159,2,"3,4",B-flat Major,Fluit,73920,239,79,80,G5,833333
160,2,"3,4",B-flat Major,Fluit,74160,239,76,80,E5,833333
161,2,"3,4",B-flat Major,Fluit,74400,479,91,80,G6,833333
162,2,"3,4",B-flat Major,Fluit,75120,239,84,80,C6,833333
163,2,"3,4",B-flat Major,Fluit,75360,239,81,80,A5,833333
164,2,"3,4",B-flat Major,Fluit,75600,239,77,80,F5,833333
165,2,"3,4",B-flat Major,Fluit,75840,479,93,80,A6,833333
166,2,"3,4",B-flat Major,Fluit,76560,239,84,80,C6,833333
167,2,"3,4",B-flat Major,Fluit,76800,239,79,80,G5,833333
168,2,"3,4",B-flat Major,Fluit,77040,239,76,80,E5,833333
169,2,"3,4",B-flat Major,Fluit,77280,479,91,80,G6,833333
170,2,"3,4",B-flat Major,Fluit,78000,239,81,80,A5,833333
171,2,"3,4",B-flat Major,Fluit,78240,239,77,80,F5,833333
172,2,"3,4",B-flat Major,Fluit,78480,239,74,80,D5,833333
173,2,"3,4",B-flat Major,Fluit,78720,479,86,80,D6,833333
174,2,"3,4",B-flat Major,Fluit,79440,239,88,80,E6,833333
175,2,"3,4",B-flat Major,Fluit,79680,479,85,80,C#6,833333
176,2,"3,4",B-flat Major,Fluit,80400,239,85,80,C#6,833333
177,2,"3,4",B-flat Major,Fluit,80640,479,86,80,D6,833333
178,2,"3,4",B-flat Major,Fluit,81360,239,77,80,F5,833333
179,2,"3,4",B-flat Major,Fluit,81600,239,81,80,A5,833333
180,2,"3,4",B-flat Major,Fluit,81840,239,86,80,D6,833333
181,2,"3,4",B-flat Major,Fluit,82080,479,85,80,C#6,833333
182,2,"3,4",B-flat Major,Fluit,82800,239,76,80,E5,833333
183,2,"3,4",B-flat Major,Fluit,83040,239,81,80,A5,833333
184,2,"3,4",B-flat Major,Fluit,83280,239,85,80,C#6,833333
185,2,"3,4",B-flat Major,Fluit,83520,479,86,80,D6,833333
186,2,"3,4",B-flat Major,Fluit,84240,239,77,80,F5,833333
187,2,"3,4",B-flat Major,Fluit,84480,239,81,80,A5,833333
188,2,"3,4",B-flat Major,Fluit,84720,239,86,80,D6,833333
189,2,"3,4",B-flat Major,Fluit,84960,479,88,80,E6,833333
190,2,"3,4",B-flat Major,Fluit,85680,239,84,80,C6,833333
191,2,"3,4",B-flat Major,Fluit,85920,239,88,80,E6,833333
192,2,"3,4",B-flat Major,Fluit,86160,239,91,80,G6,833333
193,2,"3,4",B-flat Major,Fluit,86400,479,89,80,F6,833333
194,2,"3,4",B-flat Major,Fluit,87120,239,81,80,A5,833333
195,2,"3,4",B-flat Major,Fluit,87360,239,86,80,D6,833333
196,2,"3,4",B-flat Major,Fluit,87600,239,89,80,F6,833333
197,2,"3,4",B-flat Major,Fluit,87840,239,87,80,D#6,833333
198,2,"3,4",B-flat Major,Fluit,88080,239,85,80,C#6,833333
199,2,"3,4",B-flat Major,Fluit,88320,1199,86,80,D6,833333
200,2,"3,4",B-flat Major,Fluit,89520,239,88,80,E6,833333
201,2,"3,4",B-flat Major,Fluit,89760,719,85,80,C#6,833333
202,2,"3,4",B-flat Major,Fluit,90480,239,86,80,D6,833333
203,2,"3,4",B-flat Major,Fluit,90720,1439,86,80,D6,833333
204,2,"3,4",B-flat Major,Fluit,92280,119,86,80,D6,833333
205,2,"3,4",B-flat Major,Fluit,92400,119,84,80,C6,833333
206,2,"3,4",B-flat Major,Fluit,92520,119,82,80,A#5,833333
207,2,"3,4",B-flat Major,Fluit,92640,119,81,80,A5,833333
208,2,"3,4",B-flat Major,Fluit,92760,119,79,80,G5,833333
209,2,"3,4",B-flat Major,Fluit,92880,119,77,80,F5,833333
210,2,"3,4",B-flat Major,Fluit,93000,119,76,80,E5,833333
211,2,"3,4",B-flat Major,Fluit,93120,239,74,80,D5,833333
212,2,"3,4",B-flat Major,Fluit,93360,239,86,80,D6,833333
213,2,"3,4",B-flat Major,Fluit,93600,479,85,80,C#6,833333
214,2,"3,4",B-flat Major,Fluit,95160,119,86,80,D6,833333
215,2,"3,4",B-flat Major,Fluit,95280,119,84,80,C6,833333
216,2,"3,4",B-flat Major,Fluit,95400,119,82,80,A#5,833333
217,2,"3,4",B-flat Major,Fluit,95520,119,81,80,A5,833333
218,2,"3,4",B-flat Major,Fluit,95640,119,79,80,G5,833333
219,2,"3,4",B-flat Major,Fluit,95760,119,77,80,F5,833333
220,2,"3,4",B-flat Major,Fluit,95880,119,76,80,E5,833333
221,2,"3,4",B-flat Major,Fluit,96000,239,74,80,D5,833333
222,2,"3,4",B-flat Major,Fluit,96240,239,86,80,D6,833333
223,2,"3,4",B-flat Major,Fluit,96480,479,88,80,E6,833333
224,2,"3,4",B-flat Major,Fluit,98040,119,89,80,F6,833333
225,2,"3,4",B-flat Major,Fluit,98160,119,88,80,E6,833333
226,2,"3,4",B-flat Major,Fluit,98280,119,86,80,D6,833333
227,2,"3,4",B-flat Major,Fluit,98400,119,84,80,C6,833333
228,2,"3,4",B-flat Major,Fluit,98520,119,82,80,A#5,833333
229,2,"3,4",B-flat Major,Fluit,98640,119,81,80,A5,833333
230,2,"3,4",B-flat Major,Fluit,98760,119,79,80,G5,833333
231,2,"3,4",B-flat Major,Fluit,98880,239,77,80,F5,833333
232,2,"3,4",B-flat Major,Fluit,99120,239,89,80,F6,833333
233,2,"3,4",B-flat Major,Fluit,99360,479,88,80,E6,833333
234,2,"3,4",B-flat Major,Fluit,100920,119,86,80,D6,833333
235,2,"3,4",B-flat Major,Fluit,101040,119,84,80,C6,833333
236,2,"3,4",B-flat Major,Fluit,101160,119,82,80,A#5,833333
237,2,"3,4",B-flat Major,Fluit,101280,119,81,80,A5,833333
238,2,"3,4",B-flat Major,Fluit,101400,119,79,80,G5,833333
239,2,"3,4",B-flat Major,Fluit,101520,119,77,80,F5,833333
240,2,"3,4",B-flat Major,Fluit,101640,119,76,80,E5,833333
241,2,"3,4",B-flat Major,Fluit,101760,239,74,80,D5,833333
242,2,"3,4",B-flat Major,Fluit,102000,239,86,80,D6,833333
243,2,"3,4",B-flat Major,Fluit,102240,479,85,80,C#6,833333
244,2,"3,4",B-flat Major,Fluit,102720,719,88,80,E6,833333
245,2,"3,4",B-flat Major,Fluit,103440,239,88,80,E6,833333
246,2,"3,4",B-flat Major,Fluit,103680,119,81,80,A5,833333
247,2,"3,4",B-flat Major,Fluit,103800,119,86,80,D6,833333
248,2,"3,4",B-flat Major,Fluit,103920,119,84,80,C6,833333
249,2,"3,4",B-flat Major,Fluit,104040,119,82,80,A#5,833333
250,2,"3,4",B-flat Major,Fluit,104160,119,81,80,A5,833333
251,2,"3,4",B-flat Major,Fluit,104280,119,79,80,G5,833333
252,2,"3,4",B-flat Major,Fluit,104400,119,77,80,F5,833333
253,2,"3,4",B-flat Major,Fluit,104520,119,76,80,E5,833333
254,2,"3,4",B-flat Major,Fluit,104640,239,74,80,D5,833333
255,2,"3,4",B-flat Major,Fluit,104880,239,86,80,D6,833333
256,2,"3,4",B-flat Major,Fluit,105120,479,85,80,C#6,833333
257,2,"3,4",B-flat Major,Fluit,106680,119,86,80,D6,833333
258,2,"3,4",B-flat Major,Fluit,106800,119,84,80,C6,833333
259,2,"3,4",B-flat Major,Fluit,106920,119,82,80,A#5,833333
260,2,"3,4",B-flat Major,Fluit,107040,119,81,80,A5,833333
261,2,"3,4",B-flat Major,Fluit,107160,119,79,80,G5,833333
262,2,"3,4",B-flat Major,Fluit,107280,119,77,80,F5,833333
263,2,"3,4",B-flat Major,Fluit,107400,119,76,80,E5,833333
264,2,"3,4",B-flat Major,Fluit,107520,239,74,80,D5,833333
265,2,"3,4",B-flat Major,Fluit,107760,239,86,80,D6,833333
266,2,"3,4",B-flat Major,Fluit,108000,479,88,80,E6,833333
267,2,"3,4",B-flat Major,Fluit,109560,119,89,80,F6,833333
268,2,"3,4",B-flat Major,Fluit,109680,119,88,80,E6,833333
269,2,"3,4",B-flat Major,Fluit,109800,119,86,80,D6,833333
270,2,"3,4",B-flat Major,Fluit,109920,119,84,80,C6,833333
271,2,"3,4",B-flat Major,Fluit,110040,119,82,80,A#5,833333
272,2,"3,4",B-flat Major,Fluit,110160,119,81,80,A5,833333
273,2,"3,4",B-flat Major,Fluit,110280,119,79,80,G5,833333
274,2,"3,4",B-flat Major,Fluit,110400,239,77,80,F5,833333
275,2,"3,4",B-flat Major,Fluit,110640,239,89,80,F6,833333
276,2,"3,4",B-flat Major,Fluit,110880,479,88,80,E6,833333
277,2,"3,4",B-flat Major,Fluit,111360,719,88,80,E6,833333
278,2,"3,4",B-flat Major,Fluit,112080,239,88,80,E6,833333
279,2,"3,4",B-flat Major,Fluit,112320,239,81,80,A5,833333
280,2,"3,4",B-flat Major,Fluit,112560,239,82,80,A#5,833333
281,2,"3,4",B-flat Major,Fluit,112800,719,76,80,E5,833333
282,2,"3,4",B-flat Major,Fluit,113520,239,81,80,A5,833333
283,2,"3,4",B-flat Major,Fluit,113760,1439,77,80,F5,833333
284,2,"3,4",B-flat Major,Fluit,115200,239,86,80,D6,833333
285,2,"3,4",B-flat Major,Fluit,115440,239,81,80,A5,833333
286,2,"3,4",B-flat Major,Fluit,115680,239,77,80,F5,833333
287,2,"3,4",B-flat Major,Fluit,115920,239,74,80,D5,833333
288,2,"3,4",B-flat Major,Fluit,116160,239,81,80,A5,833333
289,2,"3,4",B-flat Major,Fluit,116400,239,86,80,D6,833333
290,2,"3,4",B-flat Major,Fluit,116640,479,85,80,C#6,833333
291,2,"3,4",B-flat Major,Fluit,117120,719,85,80,C#6,833333
292,2,"3,4",B-flat Major,Fluit,117840,239,85,80,C#6,833333
293,2,"3,4",B-flat Major,Fluit,118080,239,86,80,D6,833333
294,2,"3,4",B-flat Major,Fluit,118320,239,81,80,A5,833333
295,2,"3,4",B-flat Major,Fluit,118560,239,77,80,F5,833333
296,2,"3,4",B-flat Major,Fluit,118800,239,74,80,D5,833333
297,2,"3,4",B-flat Major,Fluit,119040,239,81,80,A5,833333
298,2,"3,4",B-flat Major,Fluit,119280,239,86,80,D6,833333
299,2,"3,4",B-flat Major,Fluit,119520,479,88,80,E6,833333
300,2,"3,4",B-flat Major,Fluit,120000,719,88,80,E6,833333
301,2,"3,4",B-flat Major,Fluit,120720,239,88,80,E6,833333
302,2,"3,4",B-flat Major,Fluit,120960,239,89,80,F6,833333
303,2,"3,4",B-flat Major,Fluit,121200,239,84,80,C6,833333
304,2,"3,4",B-flat Major,Fluit,121440,239,81,80,A5,833333
305,2,"3,4",B-flat Major,Fluit,121680,239,77,80,F5,833333
306,2,"3,4",B-flat Major,Fluit,121920,479,89,80,F6,833333
307,2,"3,4",B-flat Major,Fluit,122400,239,88,80,E6,833333
308,2,"3,4",B-flat Major,Fluit,122640,239,86,80,D6,833333
309,2,"3,4",B-flat Major,Fluit,122880,239,79,80,G5,833333
310,2,"3,4",B-flat Major,Fluit,123120,239,76,80,E5,833333
311,2,"3,4",B-flat Major,Fluit,123360,479,88,80,E6,833333
312,2,"3,4",B-flat Major,Fluit,123840,239,86,80,D6,833333
313,2,"3,4",B-flat Major,Fluit,124080,239,81,80,A5,833333
314,2,"3,4",B-flat Major,Fluit,124320,719,89,80,F6,833333
315,2,"3,4",B-flat Major,Fluit,125040,239,91,80,G6,833333
316,2,"3,4",B-flat Major,Fluit,125280,479,88,80,E6,833333
317,2,"3,4",B-flat Major,Fluit,125760,719,85,80,C#6,833333
318,2,"3,4",B-flat Major,Fluit,126480,239,85,80,C#6,833333
319,2,"3,4",B-flat Major,Fluit,126720,239,86,80,D6,833333
320,2,"3,4",B-flat Major,Fluit,126960,239,81,80,A5,833333
321,2,"3,4",B-flat Major,Fluit,127200,239,77,80,F5,833333
322,2,"3,4",B-flat Major,Fluit,127440,239,74,80,D5,833333
323,2,"3,4",B-flat Major,Fluit,127680,239,81,80,A5,833333
324,2,"3,4",B-flat Major,Fluit,127920,239,86,80,D6,833333
325,2,"3,4",B-flat Major,Fluit,128160,479,85,80,C#6,833333
326,2,"3,4",B-flat Major,Fluit,128640,719,85,80,C#6,833333
327,2,"3,4",B-flat Major,Fluit,129360,239,85,80,C#6,833333
328,2,"3,4",B-flat Major,Fluit,129600,239,86,80,D6,833333
329,2,"3,4",B-flat Major,Fluit,129840,239,81,80,A5,833333
330,2,"3,4",B-flat Major,Fluit,130080,239,77,80,F5,833333
331,2,"3,4",B-flat Major,Fluit,130320,239,74,80,D5,833333
332,2,"3,4",B-flat Major,Fluit,130560,239,81,80,A5,833333
333,2,"3,4",B-flat Major,Fluit,130800,239,86,80,D6,833333
334,2,"3,4",B-flat Major,Fluit,131040,479,88,80,E6,833333
335,2,"3,4",B-flat Major,Fluit,131520,719,88,80,E6,833333
336,2,"3,4",B-flat Major,Fluit,132240,239,88,80,E6,833333
337,2,"3,4",B-flat Major,Fluit,132480,239,89,80,F6,833333
338,2,"3,4",B-flat Major,Fluit,132720,239,84,80,C6,833333
339,2,"3,4",B-flat Major,Fluit,132960,239,81,80,A5,833333
340,2,"3,4",B-flat Major,Fluit,133200,239,77,80,F5,833333
341,2,"3,4",B-flat Major,Fluit,133440,479,89,80,F6,833333
342,2,"3,4",B-flat Major,Fluit,133920,239,88,80,E6,833333
343,2,"3,4",B-flat Major,Fluit,134160,239,84,80,C6,833333
344,2,"3,4",B-flat Major,Fluit,134400,239,79,80,G5,833333
345,2,"3,4",B-flat Major,Fluit,134640,239,76,80,E5,833333
346,2,"3,4",B-flat Major,Fluit,134880,479,88,80,E6,833333
347,2,"3,4",B-flat Major,Fluit,135360,239,86,80,D6,833333
348,2,"3,4",B-flat Major,Fluit,135600,239,91,80,G6,833333
349,2,"3,4",B-flat Major,Fluit,135840,479,89,80,F6,833333
350,2,"3,4",B-flat Major,Fluit,136320,479,88,80,E6,833333
351,2,"3,4",B-flat Major,Fluit,136800,1439,86,80,D6,833333
1,3,"3,4",B-flat Major,Violoncello,0,479,50,96,D3,833333
2,3,"3,4",B-flat Major,Violoncello,480,719,50,96,D3,833333
3,3,"3,4",B-flat Major,Violoncello,1200,239,50,96,D3,833333
4,3,"3,4",B-flat Major,Violoncello,1440,479,45,96,A2,833333
5,3,"3,4",B-flat Major,Violoncello,1920,719,45,96,A2,833333
6,3,"3,4",B-flat Major,Violoncello,2640,239,45,96,A2,833333
7,3,"3,4",B-flat Major,Violoncello,2880,479,50,96,D3,833333
8,3,"3,4",B-flat Major,Violoncello,3360,719,50,96,D3,833333
9,3,"3,4",B-flat Major,Violoncello,4080,239,50,96,D3,833333
10,3,"3,4",B-flat Major,Violoncello,4320,479,48,96,C3,833333
11,3,"3,4",B-flat Major,Violoncello,4800,719,48,96,C3,833333
12,3,"3,4",B-flat Major,Violoncello,5520,239,48,96,C3,833333
13,3,"3,4",B-flat Major,Violoncello,5760,479,53,96,F3,833333
14,3,"3,4",B-flat Major,Violoncello,6240,719,53,96,F3,833333
15,3,"3,4",B-flat Major,Violoncello,6960,239,53,96,F3,833333
16,3,"3,4",B-flat Major,Violoncello,7200,479,48,96,C3,833333
17,3,"3,4",B-flat Major,Violoncello,7680,719,49,96,C#3,833333
18,3,"3,4",B-flat Major,Violoncello,8400,239,49,96,C#3,833333
19,3,"3,4",B-flat Major,Violoncello,8640,479,50,96,D3,833333
20,3,"3,4",B-flat Major,Violoncello,9120,719,46,96,A#2,833333
21,3,"3,4",B-flat Major,Violoncello,9840,239,43,96,G2,833333
22,3,"3,4",B-flat Major,Violoncello,10080,479,45,96,A2,833333
23,3,"3,4",B-flat Major,Violoncello,10560,239,57,96,A3,833333
24,3,"3,4",B-flat Major,Violoncello,10800,239,55,96,G3,833333
25,3,"3,4",B-flat Major,Violoncello,11040,239,53,96,F3,833333
26,3,"3,4",B-flat Major,Violoncello,11280,239,52,96,E3,833333
27,3,"3,4",B-flat Major,Violoncello,11520,479,50,64,D3,833333
28,3,"3,4",B-flat Major,Violoncello,12000,719,50,64,D3,833333
29,3,"3,4",B-flat Major,Violoncello,12720,239,50,64,D3,833333
30,3,"3,4",B-flat Major,Violoncello,12960,479,45,64,A2,833333
31,3,"3,4",B-flat Major,Violoncello,13440,719,45,64,A2,833333
32,3,"3,4",B-flat Major,Violoncello,14160,239,45,64,A2,833333
33,3,"3,4",B-flat Major,Violoncello,14400,479,50,64,D3,833333
34,3,"3,4",B-flat Major,Violoncello,14880,719,50,64,D3,833333
35,3,"3,4",B-flat Major,Violoncello,15600,239,50,64,D3,833333
36,3,"3,4",B-flat Major,Violoncello,15840,479,48,64,C3,833333
37,3,"3,4",B-flat Major,Violoncello,16320,719,48,64,C3,833333
38,3,"3,4",B-flat Major,Violoncello,17040,239,48,64,C3,833333
39,3,"3,4",B-flat Major,Violoncello,17280,479,53,64,F3,833333
40,3,"3,4",B-flat Major,Violoncello,17760,719,53,64,F3,833333
41,3,"3,4",B-flat Major,Violoncello,18480,239,53,64,F3,833333
42,3,"3,4",B-flat Major,Violoncello,18720,479,48,64,C3,833333
43,3,"3,4",B-flat Major,Violoncello,19200,719,49,64,C#3,833333
44,3,"3,4",B-flat Major,Violoncello,19920,239,49,64,C#3,833333
45,3,"3,4",B-flat Major,Violoncello,20160,239,50,64,D3,833333
46,3,"3,4",B-flat Major,Violoncello,20400,239,55,64,G3,833333
47,3,"3,4",B-flat Major,Violoncello,20640,479,57,64,A3,833333
48,3,"3,4",B-flat Major,Violoncello,21120,479,45,64,A2,833333
49,3,"3,4",B-flat Major,Violoncello,21600,1439,50,64,D3,833333
50,3,"3,4",B-flat Major,Violoncello,23040,479,50,80,D3,833333
51,3,"3,4",B-flat Major,Violoncello,23520,479,62,80,D4,833333
52,3,"3,4",B-flat Major,Violoncello,24480,359,57,80,A3,833333
53,3,"3,4",B-flat Major,Violoncello,24840,119,58,80,A#3,833333
54,3,"3,4",B-flat Major,Violoncello,24960,359,57,80,A3,833333
55,3,"3,4",B-flat Major,Violoncello,25320,119,55,80,G3,833333
56,3,"3,4",B-flat Major,Violoncello,25440,359,53,80,F3,833333
57,3,"3,4",B-flat Major,Violoncello,25800,119,52,80,E3,833333
58,3,"3,4",B-flat Major,Violoncello,25920,479,50,80,D3,833333
59,3,"3,4",B-flat Major,Violoncello,26400,479,62,80,D4,833333
60,3,"3,4",B-flat Major,Violoncello,27360,359,60,80,C4,833333
61,3,"3,4",B-flat Major,Violoncello,27720,119,62,80,D4,833333
62,3,"3,4",B-flat Major,Violoncello,27840,359,60,80,C4,833333
63,3,"3,4",B-flat Major,Violoncello,28200,119,58,80,A#3,833333
64,3,"3,4",B-flat Major,Violoncello,28320,359,57,80,A3,833333
65,3,"3,4",B-flat Major,Violoncello,28680,119,55,80,G3,833333
66,3,"3,4",B-flat Major,Violoncello,28800,479,53,80,F3,833333
67,3,"3,4",B-flat Major,Violoncello,29280,479,65,80,F4,833333
68,3,"3,4",B-flat Major,Violoncello,30240,479,60,80,C4,833333
69,3,"3,4",B-flat Major,Violoncello,30720,959,61,80,C#4,833333
70,3,"3,4",B-flat Major,Violoncello,31680,479,62,80,D4,833333
71,3,"3,4",B-flat Major,Violoncello,32160,959,50,80,D3,833333
72,3,"3,4",B-flat Major,Violoncello,33120,359,57,80,A3,833333
73,3,"3,4",B-flat Major,Violoncello,33480,119,58,80,A#3,833333
74,3,"3,4",B-flat Major,Violoncello,33600,359,57,80,A3,833333
75,3,"3,4",B-flat Major,Violoncello,33960,119,55,80,G3,833333
76,3,"3,4",B-flat Major,Violoncello,34080,359,53,80,F3,833333
77,3,"3,4",B-flat Major,Violoncello,34440,119,52,80,E3,833333
78,3,"3,4",B-flat Major,Violoncello,34560,479,50,80,D3,833333
79,3,"3,4",B-flat Major,Violoncello,35040,479,62,80,D4,833333
80,3,"3,4",B-flat Major,Violoncello,36000,359,57,80,A3,833333
81,3,"3,4",B-flat Major,Violoncello,36360,119,58,80,A#3,833333
82,3,"3,4",B-flat Major,Violoncello,36480,359,57,80,A3,833333
83,3,"3,4",B-flat Major,Violoncello,36840,119,55,80,G3,833333
84,3,"3,4",B-flat Major,Violoncello,36960,359,53,80,F3,833333
85,3,"3,4",B-flat Major,Violoncello,37320,119,52,80,E3,833333
86,3,"3,4",B-flat Major,Violoncello,37440,479,50,80,D3,833333
87,3,"3,4",B-flat Major,Violoncello,37920,479,62,80,D4,833333
88,3,"3,4",B-flat Major,Violoncello,38880,359,60,80,C4,833333
89,3,"3,4",B-flat Major,Violoncello,39240,119,62,80,D4,833333
90,3,"3,4",B-flat Major,Violoncello,39360,359,60,80,C4,833333
91,3,"3,4",B-flat Major,Violoncello,39720,119,58,80,A#3,833333
92,3,"3,4",B-flat Major,Violoncello,39840,359,57,80,A3,833333
93,3,"3,4",B-flat Major,Violoncello,40200,119,55,80,G3,833333
94,3,"3,4",B-flat Major,Violoncello,40320,479,53,80,F3,833333
95,3,"3,4",B-flat Major,Violoncello,40800,479,65,80,F4,833333
96,3,"3,4",B-flat Major,Violoncello,41760,479,60,80,C4,833333
97,3,"3,4",B-flat Major,Violoncello,42240,359,61,80,C#4,833333
98,3,"3,4",B-flat Major,Violoncello,42600,119,62,80,D4,833333
99,3,"3,4",B-flat Major,Violoncello,42720,359,64,80,E4,833333
100,3,"3,4",B-flat Major,Violoncello,43080,119,61,80,C#4,833333
101,3,"3,4",B-flat Major,Violoncello,43200,239,62,80,D4,833333
102,3,"3,4",B-flat Major,Violoncello,43440,239,55,80,G3,833333
103,3,"3,4",B-flat Major,Violoncello,43680,479,57,80,A3,833333
104,3,"3,4",B-flat Major,Violoncello,44160,479,45,80,A2,833333
105,3,"3,4",B-flat Major,Violoncello,44640,1439,50,80,D3,833333
106,3,"3,4",B-flat Major,Violoncello,46080,479,62,80,D4,833333
107,3,"3,4",B-flat Major,Violoncello,47040,479,50,80,D3,833333
108,3,"3,4",B-flat Major,Violoncello,47520,479,57,80,A3,833333
109,3,"3,4",B-flat Major,Violoncello,48480,479,45,80,A2,833333
110,3,"3,4",B-flat Major,Violoncello,48960,479,50,80,D3,833333
111,3,"3,4",B-flat Major,Violoncello,49920,479,62,80,D4,833333
112,3,"3,4",B-flat Major,Violoncello,50400,479,60,80,C4,833333
113,3,"3,4",B-flat Major,Violoncello,51360,479,48,80,C3,833333
114,3,"3,4",B-flat Major,Violoncello,51840,479,53,80,F3,833333
115,3,"3,4",B-flat Major,Violoncello,52800,479,53,80,F3,833333
116,3,"3,4",B-flat Major,Violoncello,53280,479,60,80,C4,833333
117,3,"3,4",B-flat Major,Violoncello,54240,479,61,80,C#4,833333
118,3,"3,4",B-flat Major,Violoncello,54720,479,62,80,D4,833333
119,3,"3,4",B-flat Major,Violoncello,55680,479,43,80,G2,833333
120,3,"3,4",B-flat Major,Violoncello,56160,479,45,80,A2,833333
121,3,"3,4",B-flat Major,Violoncello,56640,479,57,80,A3,833333
122,3,"3,4",B-flat Major,Violoncello,57120,479,45,80,A2,833333
123,3,"3,4",B-flat Major,Violoncello,57600,479,50,80,D3,833333
124,3,"3,4",B-flat Major,Violoncello,58560,479,50,80,D3,833333
125,3,"3,4",B-flat Major,Violoncello,59040,479,57,80,A3,833333
126,3,"3,4",B-flat Major,Violoncello,60000,479,45,80,A2,833333
127,3,"3,4",B-flat Major,Violoncello,60480,479,50,80,D3,833333
128,3,"3,4",B-flat Major,Violoncello,61440,479,62,80,D4,833333
129,3,"3,4",B-flat Major,Violoncello,61920,479,60,80,C4,833333
130,3,"3,4",B-flat Major,Violoncello,62880,479,48,80,C3,833333
131,3,"3,4",B-flat Major,Violoncello,63360,479,53,80,F3,833333
132,3,"3,4",B-flat Major,Violoncello,64320,479,53,80,F3,833333
133,3,"3,4",B-flat Major,Violoncello,64800,719,48,80,C3,833333
134,3,"3,4",B-flat Major,Violoncello,65520,239,49,80,C#3,833333
135,3,"3,4",B-flat Major,Violoncello,65760,479,50,80,D3,833333
136,3,"3,4",B-flat Major,Violoncello,66240,479,43,80,G2,833333
137,3,"3,4",B-flat Major,Violoncello,66720,959,45,80,A2,833333
138,3,"3,4",B-flat Major,Violoncello,67680,1439,50,80,D3,833333
139,3,"3,4",B-flat Major,Violoncello,69120,479,50,80,D3,833333
140,3,"3,4",B-flat Major,Violoncello,69600,479,62,80,D4,833333
141,3,"3,4",B-flat Major,Violoncello,70080,479,50,80,D3,833333
142,3,"3,4",B-flat Major,Violoncello,70560,479,45,80,A2,833333
143,3,"3,4",B-flat Major,Violoncello,71040,479,57,80,A3,833333
144,3,"3,4",B-flat Major,Violoncello,71520,479,45,80,A2,833333
145,3,"3,4",B-flat Major,Violoncello,72000,479,50,80,D3,833333
146,3,"3,4",B-flat Major,Violoncello,72480,479,62,80,D4,833333
147,3,"3,4",B-flat Major,Violoncello,72960,479,50,80,D3,833333
148,3,"3,4",B-flat Major,Violoncello,73440,479,48,80,C3,833333
149,3,"3,4",B-flat Major,Violoncello,73920,479,60,80,C4,833333
150,3,"3,4",B-flat Major,Violoncello,74400,479,48,80,C3,833333
151,3,"3,4",B-flat Major,Violoncello,74880,479,53,80,F3,833333
152,3,"3,4",B-flat Major,Violoncello,75360,479,65,80,F4,833333
153,3,"3,4",B-flat Major,Violoncello,75840,479,53,80,F3,833333
154,3,"3,4",B-flat Major,Violoncello,76320,479,48,80,C3,833333
155,3,"3,4",B-flat Major,Violoncello,76800,479,50,80,D3,833333
156,3,"3,4",B-flat Major,Violoncello,77280,479,49,80,C#3,833333
157,3,"3,4",B-flat Major,Violoncello,77760,479,50,80,D3,833333
158,3,"3,4",B-flat Major,Violoncello,78240,479,58,80,A#3,833333
159,3,"3,4",B-flat Major,Violoncello,78720,479,46,80,A#2,833333
160,3,"3,4",B-flat Major,Violoncello,79200,479,45,80,A2,833333
161,3,"3,4",B-flat Major,Violoncello,79680,479,57,80,A3,833333
162,3,"3,4",B-flat Major,Violoncello,80160,479,45,80,A2,833333
163,3,"3,4",B-flat Major,Violoncello,80640,479,50,80,D3,833333
164,3,"3,4",B-flat Major,Violoncello,81120,479,62,80,D4,833333
165,3,"3,4",B-flat Major,Violoncello,81600,479,50,80,D3,833333
166,3,"3,4",B-flat Major,Violoncello,82080,479,45,80,A2,833333
167,3,"3,4",B-flat Major,Violoncello,82560,479,57,80,A3,833333
168,3,"3,4",B-flat Major,Violoncello,83040,479,45,80,A2,833333
169,3,"3,4",B-flat Major,Violoncello,83520,479,50,80,D3,833333
170,3,"3,4",B-flat Major,Violoncello,84000,479,62,80,D4,833333
171,3,"3,4",B-flat Major,Violoncello,84480,479,50,80,D3,833333
172,3,"3,4",B-flat Major,Violoncello,84960,479,48,80,C3,833333
173,3,"3,4",B-flat Major,Violoncello,85440,479,60,80,C4,833333
174,3,"3,4",B-flat Major,Violoncello,85920,479,48,80,C3,833333
175,3,"3,4",B-flat Major,Violoncello,86400,479,53,80,F3,833333
176,3,"3,4",B-flat Major,Violoncello,86880,479,65,80,F4,833333
177,3,"3,4",B-flat Major,Violoncello,87360,479,53,80,F3,833333
178,3,"3,4",B-flat Major,Violoncello,87840,239,55,80,G3,833333
179,3,"3,4",B-flat Major,Violoncello,88080,239,57,80,A3,833333
180,3,"3,4",B-flat Major,Violoncello,88320,239,58,80,A#3,833333
181,3,"3,4",B-flat Major,Violoncello,88560,239,57,80,A3,833333
182,3,"3,4",B-flat Major,Violoncello,88800,239,55,80,G3,833333
183,3,"3,4",B-flat Major,Violoncello,89040,239,58,80,A#3,833333
184,3,"3,4",B-flat Major,Violoncello,89280,479,57,80,A3,833333
185,3,"3,4",B-flat Major,Violoncello,89760,959,45,80,A2,833333
186,3,"3,4",B-flat Major,Violoncello,90720,1439,50,80,D3,833333
187,3,"3,4",B-flat Major,Violoncello,92160,239,50,80,D3,833333
188,3,"3,4",B-flat Major,Violoncello,92400,239,52,80,E3,833333
189,3,"3,4",B-flat Major,Violoncello,92640,239,53,80,F3,833333
190,3,"3,4",B-flat Major,Violoncello,92880,239,50,80,D3,833333
191,3,"3,4",B-flat Major,Violoncello,93120,239,53,80,F3,833333
192,3,"3,4",B-flat Major,Violoncello,93360,239,55,80,G3,833333
193,3,"3,4",B-flat Major,Violoncello,93600,239,45,80,A2,833333
194,3,"3,4",B-flat Major,Violoncello,93840,239,47,80,B2,833333
195,3,"3,4",B-flat Major,Violoncello,94080,239,49,80,C#3,833333
196,3,"3,4",B-flat Major,Violoncello,94320,239,47,80,B2,833333
197,3,"3,4",B-flat Major,Violoncello,94560,239,49,80,C#3,833333
198,3,"3,4",B-flat Major,Violoncello,94800,239,45,80,A2,833333
199,3,"3,4",B-flat Major,Violoncello,95040,239,50,80,D3,833333
200,3,"3,4",B-flat Major,Violoncello,95280,239,52,80,E3,833333
201,3,"3,4",B-flat Major,Violoncello,95520,239,53,80,F3,833333
202,3,"3,4",B-flat Major,Violoncello,95760,239,52,80,E3,833333
203,3,"3,4",B-flat Major,Violoncello,96000,239,53,80,F3,833333
204,3,"3,4",B-flat Major,Violoncello,96240,239,55,80,G3,833333
205,3,"3,4",B-flat Major,Violoncello,96480,239,48,80,C3,833333
206,3,"3,4",B-flat Major,Violoncello,96720,239,50,80,D3,833333
207,3,"3,4",B-flat Major,Violoncello,96960,239,52,80,E3,833333
208,3,"3,4",B-flat Major,Violoncello,97200,239,50,80,D3,833333
209,3,"3,4",B-flat Major,Violoncello,97440,239,52,80,E3,833333
210,3,"3,4",B-flat Major,Violoncello,97680,239,48,80,C3,833333
211,3,"3,4",B-flat Major,Violoncello,97920,239,53,80,F3,833333
212,3,"3,4",B-flat Major,Violoncello,98160,239,55,80,G3,833333
213,3,"3,4",B-flat Major,Violoncello,98400,239,57,80,A3,833333
214,3,"3,4",B-flat Major,Violoncello,98640,239,53,80,F3,833333
215,3,"3,4",B-flat Major,Violoncello,98880,239,57,80,A3,833333
216,3,"3,4",B-flat Major,Violoncello,99120,239,59,80,B3,833333
217,3,"3,4",B-flat Major,Violoncello,99360,479,60,80,C4,833333
218,3,"3,4",B-flat Major,Violoncello,99840,719,61,80,C#4,833333
219,3,"3,4",B-flat Major,Violoncello,100560,239,61,80,C#4,833333
220,3,"3,4",B-flat Major,Violoncello,100800,239,62,80,D4,833333
221,3,"3,4",B-flat Major,Violoncello,101040,239,50,80,D3,833333
222,3,"3,4",B-flat Major,Violoncello,101280,239,53,80,F3,833333
223,3,"3,4",B-flat Major,Violoncello,101520,239,50,80,D3,833333
224,3,"3,4",B-flat Major,Violoncello,101760,239,53,80,F3,833333
225,3,"3,4",B-flat Major,Violoncello,102000,239,55,80,G3,833333
226,3,"3,4",B-flat Major,Violoncello,102240,119,57,80,A3,833333
227,3,"3,4",B-flat Major,Violoncello,102360,119,58,80,A#3,833333
228,3,"3,4",B-flat Major,Violoncello,102480,119,55,80,G3,833333
229,3,"3,4",B-flat Major,Violoncello,102600,119,53,80,F3,833333
230,3,"3,4",B-flat Major,Violoncello,102720,119,52,80,E3,833333
231,3,"3,4",B-flat Major,Violoncello,102840,119,50,80,D3,833333
232,3,"3,4",B-flat Major,Violoncello,102960,119,49,80,C#3,833333
233,3,"3,4",B-flat Major,Violoncello,103080,119,47,80,B2,833333
234,3,"3,4",B-flat Major,Violoncello,103200,239,45,80,A2,833333
235,3,"3,4",B-flat Major,Violoncello,103440,239,49,80,C#3,833333
236,3,"3,4",B-flat Major,Violoncello,103680,239,50,80,D3,833333
237,3,"3,4",B-flat Major,Violoncello,103920,239,52,80,E3,833333
238,3,"3,4",B-flat Major,Violoncello,104160,239,53,80,F3,833333
239,3,"3,4",B-flat Major,Violoncello,104400,239,50,80,D3,833333
240,3,"3,4",B-flat Major,Violoncello,104640,239,53,80,F3,833333
241,3,"3,4",B-flat Major,Violoncello,104880,239,55,80,G3,833333
242,3,"3,4",B-flat Major,Violoncello,105120,239,45,80,A2,833333
243,3,"3,4",B-flat Major,Violoncello,105360,239,47,80,B2,833333
244,3,"3,4",B-flat Major,Violoncello,105600,239,49,80,C#3,833333
245,3,"3,4",B-flat Major,Violoncello,105840,239,47,80,B2,833333
246,3,"3,4",B-flat Major,Violoncello,106080,239,49,80,C#3,833333
247,3,"3,4",B-flat Major,Violoncello,106320,239,45,80,A2,833333
248,3,"3,4",B-flat Major,Violoncello,106560,239,50,80,D3,833333
249,3,"3,4",B-flat Major,Violoncello,106800,239,52,80,E3,833333
250,3,"3,4",B-flat Major,Violoncello,107040,239,53,80,F3,833333
251,3,"3,4",B-flat Major,Violoncello,107280,239,50,80,D3,833333
252,3,"3,4",B-flat Major,Violoncello,107520,239,53,80,F3,833333
253,3,"3,4",B-flat Major,Violoncello,107760,239,55,80,G3,833333
254,3,"3,4",B-flat Major,Violoncello,108000,239,48,80,C3,833333
255,3,"3,4",B-flat Major,Violoncello,108240,239,50,80,D3,833333
256,3,"3,4",B-flat Major,Violoncello,108480,239,52,80,E3,833333
257,3,"3,4",B-flat Major,Violoncello,108720,239,50,80,D3,833333
258,3,"3,4",B-flat Major,Violoncello,108960,239,52,80,E3,833333
259,3,"3,4",B-flat Major,Violoncello,109200,239,48,80,C3,833333
260,3,"3,4",B-flat Major,Violoncello,109440,239,53,80,F3,833333
261,3,"3,4",B-flat Major,Violoncello,109680,239,55,80,G3,833333
262,3,"3,4",B-flat Major,Violoncello,109920,239,57,80,A3,833333
263,3,"3,4",B-flat Major,Violoncello,110160,239,53,80,F3,833333
264,3,"3,4",B-flat Major,Violoncello,110400,239,57,80,A3,833333
265,3,"3,4",B-flat Major,Violoncello,110640,239,59,80,B3,833333
266,3,"3,4",B-flat Major,Violoncello,110880,479,60,80,C4,833333
267,3,"3,4",B-flat Major,Violoncello,111360,719,61,80,C#4,833333
268,3,"3,4",B-flat Major,Violoncello,112080,239,61,80,C#4,833333
269,3,"3,4",B-flat Major,Violoncello,112320,239,62,80,D4,833333
270,3,"3,4",B-flat Major,Violoncello,112560,239,55,80,G3,833333
271,3,"3,4",B-flat Major,Violoncello,112800,479,57,80,A3,833333
272,3,"3,4",B-flat Major,Violoncello,113280,479,45,80,A2,833333
273,3,"3,4",B-flat Major,Violoncello,113760,1439,50,80,D3,833333
274,3,"3,4",B-flat Major,Violoncello,115200,119,50,80,D3,833333
275,3,"3,4",B-flat Major,Violoncello,115320,119,53,80,F3,833333
276,3,"3,4",B-flat Major,Violoncello,115440,119,55,80,G3,833333
277,3,"3,4",B-flat Major,Violoncello,115560,119,57,80,A3,833333
278,3,"3,4",B-flat Major,Violoncello,115680,119,50,80,D3,833333
279,3,"3,4",B-flat Major,Violoncello,115800,119,53,80,F3,833333
280,3,"3,4",B-flat Major,Violoncello,115920,119,55,80,G3,833333
281,3,"3,4",B-flat Major,Violoncello,116040,119,57,80,A3,833333
282,3,"3,4",B-flat Major,Violoncello,116160,119,50,80,D3,833333
283,3,"3,4",B-flat Major,Violoncello,116280,119,53,80,F3,833333
284,3,"3,4",B-flat Major,Violoncello,116400,119,52,80,E3,833333
285,3,"3,4",B-flat Major,Violoncello,116520,119,50,80,D3,833333
286,3,"3,4",B-flat Major,Violoncello,116640,119,57,80,A3,833333
287,3,"3,4",B-flat Major,Violoncello,116760,119,61,80,C#4,833333
288,3,"3,4",B-flat Major,Violoncello,116880,119,62,80,D4,833333
289,3,"3,4",B-flat Major,Violoncello,117000,119,64,80,E4,833333
290,3,"3,4",B-flat Major,Violoncello,117120,119,57,80,A3,833333
291,3,"3,4",B-flat Major,Violoncello,117240,119,61,80,C#4,833333
292,3,"3,4",B-flat Major,Violoncello,117360,119,62,80,D4,833333
293,3,"3,4",B-flat Major,Violoncello,117480,119,64,80,E4,833333
294,3,"3,4",B-flat Major,Violoncello,117600,119,57,80,A3,833333
295,3,"3,4",B-flat Major,Violoncello,117720,119,61,80,C#4,833333
296,3,"3,4",B-flat Major,Violoncello,117840,119,59,80,B3,833333
297,3,"3,4",B-flat Major,Violoncello,117960,119,57,80,A3,833333
298,3,"3,4",B-flat Major,Violoncello,118080,119,50,80,D3,833333
299,3,"3,4",B-flat Major,Violoncello,118200,119,53,80,F3,833333
300,3,"3,4",B-flat Major,Violoncello,118320,119,55,80,G3,833333
301,3,"3,4",B-flat Major,Violoncello,118440,119,57,80,A3,833333
302,3,"3,4",B-flat Major,Violoncello,118560,119,50,80,D3,833333
303,3,"3,4",B-flat Major,Violoncello,118680,119,53,80,F3,833333
304,3,"3,4",B-flat Major,Violoncello,118800,119,55,80,G3,833333
305,3,"3,4",B-flat Major,Violoncello,118920,119,57,80,A3,833333
306,3,"3,4",B-flat Major,Violoncello,119040,119,50,80,D3,833333
307,3,"3,4",B-flat Major,Violoncello,119160,119,53,80,F3,833333
308,3,"3,4",B-flat Major,Violoncello,119280,119,52,80,E3,833333
309,3,"3,4",B-flat Major,Violoncello,119400,119,50,80,D3,833333
310,3,"3,4",B-flat Major,Violoncello,119520,119,48,80,C3,833333
311,3,"3,4",B-flat Major,Violoncello,119640,119,52,80,E3,833333
312,3,"3,4",B-flat Major,Violoncello,119760,119,53,80,F3,833333
313,3,"3,4",B-flat Major,Violoncello,119880,119,55,80,G3,833333
314,3,"3,4",B-flat Major,Violoncello,120000,119,48,80,C3,833333
315,3,"3,4",B-flat Major,Violoncello,120120,119,52,80,E3,833333
316,3,"3,4",B-flat Major,Violoncello,120240,119,53,80,F3,833333
317,3,"3,4",B-flat Major,Violoncello,120360,119,55,80,G3,833333
318,3,"3,4",B-flat Major,Violoncello,120480,119,48,80,C3,833333
319,3,"3,4",B-flat Major,Violoncello,120600,119,52,80,E3,833333
320,3,"3,4",B-flat Major,Violoncello,120720,119,50,80,D3,833333
321,3,"3,4",B-flat Major,Violoncello,120840,119,48,80,C3,833333
322,3,"3,4",B-flat Major,Violoncello,120960,119,53,80,F3,833333
323,3,"3,4",B-flat Major,Violoncello,121080,119,57,80,A3,833333
324,3,"3,4",B-flat Major,Violoncello,121200,119,58,80,A#3,833333
325,3,"3,4",B-flat Major,Violoncello,121320,119,60,80,C4,833333
326,3,"3,4",B-flat Major,Violoncello,121440,119,53,80,F3,833333
327,3,"3,4",B-flat Major,Violoncello,121560,119,57,80,A3,833333
328,3,"3,4",B-flat Major,Violoncello,121680,119,58,80,A#3,833333
329,3,"3,4",B-flat Major,Violoncello,121800,119,60,80,C4,833333
330,3,"3,4",B-flat Major,Violoncello,121920,119,53,80,F3,833333
331,3,"3,4",B-flat Major,Violoncello,122040,119,57,80,A3,833333
332,3,"3,4",B-flat Major,Violoncello,122160,119,55,80,G3,833333
333,3,"3,4",B-flat Major,Violoncello,122280,119,53,80,F3,833333
334,3,"3,4",B-flat Major,Violoncello,122400,119,60,80,C4,833333
335,3,"3,4",B-flat Major,Violoncello,122520,119,60,80,C4,833333
336,3,"3,4",B-flat Major,Violoncello,122640,119,62,80,D4,833333
337,3,"3,4",B-flat Major,Violoncello,122760,119,64,80,E4,833333
338,3,"3,4",B-flat Major,Violoncello,122880,119,61,80,C#4,833333
339,3,"3,4",B-flat Major,Violoncello,123000,119,61,80,C#4,833333
340,3,"3,4",B-flat Major,Violoncello,123120,119,62,80,D4,833333
341,3,"3,4",B-flat Major,Violoncello,123240,119,64,80,E4,833333
342,3,"3,4",B-flat Major,Violoncello,123360,119,57,80,A3,833333
343,3,"3,4",B-flat Major,Violoncello,123480,119,61,80,C#4,833333
344,3,"3,4",B-flat Major,Violoncello,123600,119,59,80,B3,833333
345,3,"3,4",B-flat Major,Violoncello,123720,119,57,80,A3,833333
346,3,"3,4",B-flat Major,Violoncello,123840,119,62,80,D4,833333
347,3,"3,4",B-flat Major,Violoncello,123960,119,53,80,F3,833333
348,3,"3,4",B-flat Major,Violoncello,124080,119,55,80,G3,833333
349,3,"3,4",B-flat Major,Violoncello,124200,119,57,80,A3,833333
350,3,"3,4",B-flat Major,Violoncello,124320,119,50,80,D3,833333
351,3,"3,4",B-flat Major,Violoncello,124440,119,53,80,F3,833333
352,3,"3,4",B-flat Major,Violoncello,124560,119,55,80,G3,833333
353,3,"3,4",B-flat Major,Violoncello,124680,119,57,80,A3,833333
354,3,"3,4",B-flat Major,Violoncello,124800,119,50,80,D3,833333
355,3,"3,4",B-flat Major,Violoncello,124920,119,53,80,F3,833333
356,3,"3,4",B-flat Major,Violoncello,125040,119,52,80,E3,833333
357,3,"3,4",B-flat Major,Violoncello,125160,119,50,80,D3,833333
358,3,"3,4",B-flat Major,Violoncello,125280,119,57,80,A3,833333
359,3,"3,4",B-flat Major,Violoncello,125400,119,49,80,C#3,833333
360,3,"3,4",B-flat Major,Violoncello,125520,119,50,80,D3,833333
361,3,"3,4",B-flat Major,Violoncello,125640,119,52,80,E3,833333
362,3,"3,4",B-flat Major,Violoncello,125760,119,45,80,A2,833333
363,3,"3,4",B-flat Major,Violoncello,125880,119,49,80,C#3,833333
364,3,"3,4",B-flat Major,Violoncello,126000,119,50,80,D3,833333
365,3,"3,4",B-flat Major,Violoncello,126120,119,52,80,E3,833333
366,3,"3,4",B-flat Major,Violoncello,126240,119,45,80,A2,833333
367,3,"3,4",B-flat Major,Violoncello,126360,119,49,80,C#3,833333
368,3,"3,4",B-flat Major,Violoncello,126480,119,47,80,B2,833333
369,3,"3,4",B-flat Major,Violoncello,126600,119,45,80,A2,833333
370,3,"3,4",B-flat Major,Violoncello,126720,119,57,80,A3,833333
371,3,"3,4",B-flat Major,Violoncello,126840,119,61,80,C#4,833333
372,3,"3,4",B-flat Major,Violoncello,126960,119,62,80,D4,833333
373,3,"3,4",B-flat Major,Violoncello,127080,119,64,80,E4,833333
374,3,"3,4",B-flat Major,Violoncello,127200,119,57,80,A3,833333
375,3,"3,4",B-flat Major,Violoncello,127320,119,61,80,C#4,833333
376,3,"3,4",B-flat Major,Violoncello,127440,119,62,80,D4,833333
377,3,"3,4",B-flat Major,Violoncello,127560,119,64,80,E4,833333
378,3,"3,4",B-flat Major,Violoncello,127680,119,57,80,A3,833333
379,3,"3,4",B-flat Major,Violoncello,127800,119,61,80,C#4,833333
380,3,"3,4",B-flat Major,Violoncello,127920,119,59,80,B3,833333
381,3,"3,4",B-flat Major,Violoncello,128040,119,57,80,A3,833333
382,3,"3,4",B-flat Major,Violoncello,128160,119,57,80,A3,833333
383,3,"3,4",B-flat Major,Violoncello,128280,119,61,80,C#4,833333
384,3,"3,4",B-flat Major,Violoncello,128400,119,62,80,D4,833333
385,3,"3,4",B-flat Major,Violoncello,128520,119,64,80,E4,833333
386,3,"3,4",B-flat Major,Violoncello,128640,119,57,80,A3,833333
387,3,"3,4",B-flat Major,Violoncello,128760,119,61,80,C#4,833333
388,3,"3,4",B-flat Major,Violoncello,128880,119,62,80,D4,833333
389,3,"3,4",B-flat Major,Violoncello,129000,119,64,80,E4,833333
390,3,"3,4",B-flat Major,Violoncello,129120,119,57,80,A3,833333
391,3,"3,4",B-flat Major,Violoncello,129240,119,61,80,C#4,833333
392,3,"3,4",B-flat Major,Violoncello,129360,119,59,80,B3,833333
393,3,"3,4",B-flat Major,Violoncello,129480,119,57,80,A3,833333
394,3,"3,4",B-flat Major,Violoncello,129600,119,50,80,D3,833333
395,3,"3,4",B-flat Major,Violoncello,129720,119,53,80,F3,833333
396,3,"3,4",B-flat Major,Violoncello,129840,119,55,80,G3,833333
397,3,"3,4",B-flat Major,Violoncello,129960,119,57,80,A3,833333
398,3,"3,4",B-flat Major,Violoncello,130080,119,50,80,D3,833333
399,3,"3,4",B-flat Major,Violoncello,130200,119,53,80,F3,833333
400,3,"3,4",B-flat Major,Violoncello,130320,119,55,80,G3,833333
401,3,"3,4",B-flat Major,Violoncello,130440,119,57,80,A3,833333
402,3,"3,4",B-flat Major,Violoncello,130560,119,50,80,D3,833333
403,3,"3,4",B-flat Major,Violoncello,130680,119,53,80,F3,833333
404,3,"3,4",B-flat Major,Violoncello,130800,119,52,80,E3,833333
405,3,"3,4",B-flat Major,Violoncello,130920,119,50,80,D3,833333
406,3,"3,4",B-flat Major,Violoncello,131040,119,48,80,C3,833333
407,3,"3,4",B-flat Major,Violoncello,131160,119,52,80,E3,833333
408,3,"3,4",B-flat Major,Violoncello,131280,119,53,80,F3,833333
409,3,"3,4",B-flat Major,Violoncello,131400,119,55,80,G3,833333
410,3,"3,4",B-flat Major,Violoncello,131520,119,48,80,C3,833333
411,3,"3,4",B-flat Major,Violoncello,131640,119,52,80,E3,833333
412,3,"3,4",B-flat Major,Violoncello,131760,119,53,80,F3,833333
413,3,"3,4",B-flat Major,Violoncello,131880,119,55,80,G3,833333
414,3,"3,4",B-flat Major,Violoncello,132000,119,48,80,C3,833333
415,3,"3,4",B-flat Major,Violoncello,132120,119,52,80,E3,833333
416,3,"3,4",B-flat Major,Violoncello,132240,119,50,80,D3,833333
417,3,"3,4",B-flat Major,Violoncello,132360,119,48,80,C3,833333
418,3,"3,4",B-flat Major,Violoncello,132480,119,53,80,F3,833333
419,3,"3,4",B-flat Major,Violoncello,132600,119,57,80,A3,833333
420,3,"3,4",B-flat Major,Violoncello,132720,119,58,80,A#3,833333
421,3,"3,4",B-flat Major,Violoncello,132840,119,60,80,C4,833333
422,3,"3,4",B-flat Major,Violoncello,132960,119,53,80,F3,833333
423,3,"3,4",B-flat Major,Violoncello,133080,119,57,80,A3,833333
424,3,"3,4",B-flat Major,Violoncello,133200,119,58,80,A#3,833333
425,3,"3,4",B-flat Major,Violoncello,133320,119,60,80,C4,833333
426,3,"3,4",B-flat Major,Violoncello,133440,119,53,80,F3,833333
427,3,"3,4",B-flat Major,Violoncello,133560,119,57,80,A3,833333
428,3,"3,4",B-flat Major,Violoncello,133680,119,55,80,G3,833333
429,3,"3,4",B-flat Major,Violoncello,133800,119,53,80,F3,833333
430,3,"3,4",B-flat Major,Violoncello,133920,119,60,80,C4,833333
431,3,"3,4",B-flat Major,Violoncello,134040,119,60,80,C4,833333
432,3,"3,4",B-flat Major,Violoncello,134160,119,62,80,D4,833333
433,3,"3,4",B-flat Major,Violoncello,134280,119,64,80,E4,833333
434,3,"3,4",B-flat Major,Violoncello,134400,119,61,80,C#4,833333
435,3,"3,4",B-flat Major,Violoncello,134520,119,61,80,C#4,833333
436,3,"3,4",B-flat Major,Violoncello,134640,119,62,80,D4,833333
437,3,"3,4",B-flat Major,Violoncello,134760,119,64,80,E4,833333
438,3,"3,4",B-flat Major,Violoncello,134880,119,57,80,A3,833333
439,3,"3,4",B-flat Major,Violoncello,135000,119,61,80,C#4,833333
440,3,"3,4",B-flat Major,Violoncello,135120,119,59,80,B3,833333
441,3,"3,4",B-flat Major,Violoncello,135240,119,57,80,A3,833333
442,3,"3,4",B-flat Major,Violoncello,135360,239,62,80,D4,833333
443,3,"3,4",B-flat Major,Violoncello,135600,239,57,80,A3,833333
444,3,"3,4",B-flat Major,Violoncello,135840,239,58,80,A#3,833333
445,3,"3,4",B-flat Major,Violoncello,136080,239,55,80,G3,833333
446,3,"3,4",B-flat Major,Violoncello,136320,239,57,80,A3,833333
447,3,"3,4",B-flat Major,Violoncello,136560,239,45,80,A2,833333
448,3,"3,4",B-flat Major,Violoncello,136800,1439,50,80,D3,833333
